{"cameraMode":{"drawMode":0,"name":"Shaded","section":"Shading Mode"},"sceneLighting":true,"audioPlay":false,"sceneViewState":{"showFog":true,"showMaterialUpdate":false,"showSkybox":true,"showFlares":true,"showImageEffects":true,"showParticleSystems":true},"in2DMode":false,"pivot":{"x":12.00137996673584,"y":8.45107650756836,"z":3.3868587017059328},"rotation":{"x":-0.039844170212745669,"y":0.3353411853313446,"z":-0.014196517877280712,"w":-0.9411532282829285},"size":12.304057121276856,"orthographic":false}